6.756819502544841871e-02,-6.326411814403039013e-01
1.548632224597618068e-01,-3.164956123373826591e-01
-3.893667870416057664e-01,-3.082788594160412177e-01
-1.714834163626619556e-01,-4.662793500576869477e-01
-1.220662355896828810e-01,-6.179276876492553194e-01
-1.424579544714189572e-01,-6.062710065686707228e-01
1.003960221310631340e-01,-3.367977923565336207e-01
-9.688448282316464155e-02,-5.155962814589626353e-01
2.811691610719557755e-02,-5.278498796070456578e-01
7.638202030770813167e-03,-3.714508915552910961e-01
1.249966155729527184e-01,-3.605139079257086432e-01
6.708572624811171004e-02,4.460129749495167495e-03
-1.604852470882737192e-01,-6.146740026525786549e-01
3.834109828137832743e-02,-4.759126913278239890e-01
-9.738597724221476071e-03,-6.224863547477127446e-01
-4.059106664563830735e-01,-3.170990793740686153e-01
1.430604792501102285e-01,-3.364197657924338225e-01
-6.882407169367299460e-02,-4.361564952554299879e-01
-4.208968342838965704e-01,-3.230867595695389172e-01
-1.906355087603905929e-01,-4.787663887034958599e-01
1.914367698673902218e-02,-5.550137181386165519e-01
9.365761598175270652e-02,-3.393700387642153982e-01
-9.693015667229420984e-02,-6.202530661309462179e-01
6.620013429465276822e-03,-4.006891752127992312e-01
1.095385669349370206e-01,-5.034529756945882450e-01
3.361896051709878375e-02,-3.530814277046102623e-01
-1.435443501206804529e-01,-5.042310693375019470e-01
4.196618522465733747e-02,8.820586522019324693e-02
4.585150408393723342e-02,1.055893671464165351e-01
-2.178436061559096970e-02,-5.036727216141356767e-01
-1.695265972900195095e-02,-2.809574041871442107e-01
-1.448278437964848897e-01,-5.055565715777358138e-01
-1.698405858445307670e-01,-5.589525553879884923e-01
2.765492177993722489e-02,-2.833743674350673314e-01
-2.001391316465594983e-03,-4.754941022851119636e-01
2.104624904579222022e-02,-3.620939740763677306e-01
1.439949104190585416e-01,-3.254330808536612940e-01
1.300052570099533567e-01,-3.784749064964227361e-01
5.686703880125876243e-02,-3.166646507632169816e-01
6.729450881427745390e-02,-9.166768873302189036e-02
-2.763370122584842270e-01,-8.822786043852248739e-02
1.093811335657515205e-01,2.223791943132646942e-02
-7.946505091492628292e-02,-5.867247914245773410e-01
-5.224168095077086349e-04,-2.611693718313203294e-01
-1.275246427452836340e-01,-5.140965119394527161e-01
1.252673830573566294e-01,-5.593286007068986043e-01
3.524198063969286032e-02,-2.890886947991844758e-01
3.702668954479260144e-02,3.917975939306506117e-02
-1.144117887397821942e-02,-5.253618591634257040e-01
4.788311269611322807e-03,-2.326003907930200287e-01
-2.801172353575407947e-01,-9.136972903307816196e-02
5.061857213359144403e-02,1.160679892147767900e-01
-1.557421876349096568e-02,-4.637668290492274470e-01
4.489697124876679268e-02,6.240284489680447688e-02
-1.055779961152001345e-01,-4.388738458400866516e-01
6.963823804269975160e-02,1.427917560165781197e-02
8.963656624771176862e-02,-3.029032658726987237e-01
1.192847227907316565e-01,-6.025890998557117406e-01
1.238393016428267490e-01,-3.773896527939273882e-01
9.449380533257800696e-02,1.697936044665682154e-02
2.909195771263695107e-03,-6.186283926185981441e-01
6.867065704034402973e-02,-1.109682276150708580e-01
-2.845468531837391790e-02,-4.636420909404936341e-01
2.620200799528071833e-02,-5.338557165496105039e-01
1.136478115662076238e-02,-3.385340613129043663e-01
-3.022929871398338797e-02,3.226328791051460421e-01
-1.448120705189401280e-01,-5.468945840214043397e-01
6.660192466615233453e-02,-3.238929414702073628e-01
-1.202974292450589289e-01,-5.667437154596463023e-01
7.987880208999531551e-02,-4.208459425576517310e-01
8.044207705000494535e-02,-3.782985765420405211e-01
6.465661543384426668e-02,-2.429064479291831447e-02
2.138013942314522797e-01,-2.000911261651354134e-01
5.975508736363410733e-02,-5.153007709254822100e-01
-5.140733385488482909e-03,3.372997938862242195e-01
-2.787099880296239895e-03,3.235916121266102508e-02
-5.191673055516943247e-02,-4.621642252482388025e-01
5.272352083775222464e-02,-1.941668021843079295e-02
2.424932135218826890e-02,-6.223958678858713123e-01
3.736435671195303954e-02,8.658515145619483100e-02
1.636316864272624461e-02,-5.279135494727252853e-01
-7.051867778570730660e-02,-6.287864422131536069e-01
8.615265829452622981e-02,-6.278627829508813818e-01
-1.229016885852735053e-01,-5.683564038962747311e-01
-7.714119926782359027e-02,-5.496799065545834306e-01
6.063059498424561156e-02,-4.675015113842437842e-01
-1.244179626785402171e-02,-5.323658990058501850e-01
6.956866511538617459e-02,9.561373040575915638e-02
-3.071161340230976755e-02,9.621703969286510283e-02
1.970266627139526383e-01,-1.797131937239869748e-01
2.646324630727225902e-02,-3.452211440014270050e-01
4.735306962670760011e-02,-4.148748179648657497e-01
-1.854710037026918723e-02,-5.819579854982299683e-01
1.017531677051448646e-01,-1.017959967684595179e-01
1.971097607692611220e-01,-1.731190270597214864e-01
-1.832204602630232437e-01,-5.273037096590753592e-01
-1.637101282607011932e-01,-5.846462483814773847e-01
1.224815755641615045e-01,-4.800216897389650850e-01
-1.531858450357138635e-01,-5.192164657167652742e-01
9.297926283742707909e-03,5.504450725957421575e-02
-1.179177378618641026e-01,-5.425156973551331641e-01
1.203864448031403134e-01,-2.836514559946901048e-01
-2.623441863480024949e-02,-3.364476002647011077e-01
2.219677801411952256e-01,-1.648494670350222346e-01
6.497090551048911866e-02,-5.230955016031841875e-01
5.421088223107950466e-02,-3.375576962434956307e-02
1.692332661681628103e-02,-3.557067124922094203e-01
2.000761253581417876e-02,-4.885712863143969464e-01
-3.779679492274556907e-02,-5.898882829705179853e-01
-1.336228206876561853e-01,-4.603142794807989491e-01
-2.870642053109326297e-01,-1.126707678956060388e-01
1.118590299646315955e-01,7.422544631863714493e-02
-3.734676411546122843e-03,4.517770648222552143e-02
6.952507446818911863e-02,-1.028119086411587446e-01
9.954576720470764695e-02,5.549263488686073664e-02
1.567965524044911962e-02,-2.330040534533831531e-01
-1.220675940594228015e-01,-6.347355916564190181e-01
3.011646217866481567e-02,-1.837274559005297458e-02
1.270897164486016750e-01,1.019867983593796268e-01
1.226616092397896374e-01,1.421688766463937714e-01
9.146357859004594637e-02,-3.756668085622027475e-01
4.669245060867599495e-02,-9.674937489428869775e-02
1.465818192388557151e-02,-5.570279480204376465e-01
-1.859616957571708640e-01,-4.861219874471975899e-01
2.104409599275499643e-01,-1.502773843453971137e-01
6.110929684184707167e-02,-3.176128090482823740e-01
5.144874444722946638e-02,-4.876450541186075904e-01
5.475706252781264993e-03,3.938698337581392206e-02
8.325178137294209080e-02,-3.335502813817944334e-01
8.018968910737933609e-02,-3.892397015529989734e-01
-4.001996304233157442e-02,-4.983266269472959031e-01
-8.654513672435382166e-02,-5.249713371048017052e-01
-1.326411109350389417e-03,-3.084064074237302666e-01
-2.999334960592126009e-02,-4.928481267154794510e-01
-1.828252433985249614e-01,-5.709328713085873863e-01
1.379637356664753511e-01,1.129196767386595468e-01
-1.935922806650307026e-01,-5.118535048532674159e-01
8.534692151008893557e-02,4.086325381851818594e-02
-7.162479795229759194e-02,-4.908938027098189716e-01
1.108026731256612774e-01,-5.443046750533462319e-01
1.678167365123828247e-03,3.285815843669304126e-02
-2.714813025754179709e-01,-1.277467081259638926e-01
1.006803212286194738e-01,-3.302508554501598081e-01
-1.509356538624898048e-01,-4.847989476147430699e-01
-1.963132418906488041e-01,-5.526122961036508130e-01
6.899239053119787801e-02,-5.581027477833625516e-01
7.228556953100540028e-04,-3.829307454476306161e-01
3.857488408975384697e-02,-2.645839078312937076e-01
-4.562917028228530292e-03,-5.927232287496048135e-01
-9.467909363005544421e-02,-6.010348547435039324e-01
-1.593010973688193666e-01,-5.364460682825633597e-01
1.946364527824140378e-02,-6.195006385221980549e-01
-2.305320558966339473e-02,-3.109592933359082156e-01
5.738736595842675037e-03,-5.808002244745459342e-01
-9.122445679443980104e-03,-6.081376263070955579e-01
3.181576829596233225e-02,-6.242886203385369370e-01
4.657083737788902944e-02,-2.920581780392937921e-01
1.158540503760230322e-02,-6.111415067659589084e-01
8.959162770376016827e-02,-5.168669228247346759e-01
-1.967030492101318195e-02,-5.640141558691799117e-01
-1.086401589929262279e-01,-4.919262689106089770e-01
-9.954983290159669096e-02,-4.971571533778590957e-01
6.313337727961343404e-02,8.605780667160700670e-02
-7.733475172069947945e-02,-6.160212733479852876e-01
-8.241220173799856941e-02,-4.369814827809221369e-01
1.159767117230234845e-01,1.094413896562975719e-01
8.052850697593461060e-02,-6.329459259979918206e-01
9.693517722141553605e-03,-5.158678757820421845e-01
-1.219343611120240478e-01,-5.708491138186749803e-01
1.139043615311711166e-01,-2.824215207875014344e-01
-1.204548887231315923e-03,-4.758287910509626517e-01
8.365238748004599767e-02,-3.904677644220740929e-01
-1.877361167000124453e-02,8.285083079779542725e-02
-1.446989139572987804e-01,-6.378634671140134271e-01
1.142484194580075663e-01,-3.582125620518440967e-01
6.761630818407204924e-02,7.902386839815667141e-02
-1.033624308511271739e-02,-3.818392630904824392e-01
3.075016810407715795e-02,-4.667782349339736903e-01
-3.239529242924987784e-02,-4.670630350346843818e-01
-7.400132448176566236e-02,-5.606864386846903692e-01
-1.514201931941709378e-01,-6.012666154076368175e-01
-6.096847880975542200e-02,-5.753697744274617332e-01
1.108758985570289513e-01,-4.955164180163680321e-01
-7.284768406565667043e-03,-5.538488324398260776e-01
7.225464759885746879e-02,-4.128933133356447183e-01
-6.520078665404238638e-02,-5.491549178508102758e-01
-1.126482711989063024e-01,-6.124570951791322715e-01
-1.464435903858640753e-01,-5.351127289466459658e-01
-7.121799656974625581e-02,-6.197779022996887655e-01
3.347080171971417162e-02,-5.007255393399699939e-01
-1.410961827233893073e-01,-6.070596407764784486e-01
3.001723641373632567e-02,-3.155918020878034636e-02
-2.704672945764189929e-01,-1.141106822926234443e-01
7.967097869546924116e-02,-3.897041684239854753e-01
4.308893893640974859e-02,-3.707137956889786645e-01
-1.227788618685535793e-01,-6.346359891413649867e-01
3.034756631978186014e-02,-3.407437441618094698e-01
8.569259805596529667e-03,-5.512994774691555300e-01
1.642721439461636290e-02,4.763273069226625633e-02
1.961305614265973496e-02,-4.007164199997215182e-01
-3.019124824638108606e-02,-3.071024481557520502e-01
1.449823488109497349e-01,-2.957324207276076922e-01
-1.929944936075267403e-02,1.356232559908574498e-01
-6.944299454025082419e-02,-6.203887970861458045e-01
1.433922718925594308e-01,-3.017344331111098676e-01
-4.673436874196235102e-02,-4.752170575680789710e-01
-8.602342126836826086e-02,-5.979864173762263757e-01
-1.392950719603358589e-02,9.340584617839087223e-02
7.233232257634136797e-02,-5.498051388342538592e-01
4.186371142925238154e-02,9.670846570635649453e-02
4.966116094049966012e-02,-4.920669537153923301e-01
3.796963934347341585e-02,-5.559414120080291566e-01
5.767842310648474413e-02,-3.312327583245001650e-01
1.071909684963398002e-01,7.168058123200093945e-02
7.980928179110224896e-03,-3.551154061951988239e-01
2.513898761756444555e-01,-1.857494726706291899e-01
-1.791499160844560179e-01,-5.435299567969253953e-01
1.125074290674865640e-02,-2.921190758722391756e-01
-1.336563334130232983e-01,-5.945703118332368309e-01
-1.893329810394317470e-02,-5.939135891060911554e-01
3.228013878017077509e-03,-5.991654181975096805e-01
-1.920373546331106129e-01,-5.251842575780303335e-01
3.446525560357582840e-02,-3.027096244488519661e-01
-1.238944989273889075e-01,-4.961352968842743794e-01
2.079993240724822279e-01,-1.865006555514284181e-01
1.998793417513065052e-01,-1.726896437245904470e-01
-8.074258517687149528e-02,-4.799604249292783176e-01
5.419736741315706041e-02,-3.005747335566430478e-01
-1.583909268208698040e-01,-4.769003491163933406e-01
-1.777165846858302367e-01,-4.855397257523746957e-01
-3.992196362476958527e-01,-3.270178871749038207e-01
7.395246875077698956e-02,-3.703627361532029205e-01
7.149014700522504651e-02,-3.163884409444395196e-02
2.864453909330211268e-02,-4.658649581883498314e-01
-1.529906159494708873e-01,-5.165779032739804544e-01
-1.440182924221504179e-01,-4.793236728926223433e-01
-1.211523598004086155e-01,-4.966657016067086428e-01
1.182031170479722615e-01,-5.415718439183702104e-01
8.037900620236249072e-02,-5.071852799387780442e-01
9.751874447126551715e-02,1.254145424276721377e-01
-5.893835733417684963e-02,-5.816011627425585750e-01
1.160947634505909987e-01,-5.021532435296608421e-01
8.495688817460023134e-02,-1.019825011446698904e-01
-1.570942921471230602e-01,-5.666932588712357832e-01
4.779141873894410253e-02,-5.642212243816664419e-01
3.695048164561420823e-02,-4.866333170465822477e-01
6.548262126910808778e-02,-3.990080034912641960e-01
-9.357583795225732359e-02,-6.002272339856150607e-01
5.243688966166248910e-02,-5.984133573128596062e-01
6.787176089926383327e-02,-6.264409051719181942e-01
3.621430377291434688e-02,1.062220913800271394e-02
6.779963144821654630e-02,-6.430189840465200257e-01
1.243573889380390485e-01,-5.851488590868315631e-01
6.714202841797622945e-02,-5.348653118761531600e-01
-2.567520361464776801e-01,-9.243828979430179782e-02
6.161340914961832560e-02,2.928895432452149894e-02
7.132387410546359163e-02,-3.006359004755638220e-01
9.014492039694477210e-02,-1.173301191890078199e-01
4.768949570565550466e-02,-5.235527391221981297e-01
4.230073020093572111e-02,-5.367193621929157166e-01
1.242090806634932321e-02,-6.138152623643520212e-01
-4.123651788489846037e-02,-5.571459901393905900e-01
1.184128749729455032e-01,9.020693231534604450e-02
5.625184585537179593e-03,-5.473097561149902202e-01
1.409449351831493225e-01,-3.559817617305579551e-01
5.289305482987194384e-02,-5.694480842175655422e-01
1.255750530256545261e-01,-3.841610521805389755e-01
-5.581830501792617305e-02,-4.629020240544183817e-01
-1.740648711400832882e-01,-5.770014079328426027e-01
8.460512029968747516e-02,-1.042795725970872001e-01
-1.106463691348696932e-01,-5.842002724787509482e-01
2.223488388155459017e-02,7.132862730590328049e-02
-4.126781930966119671e-01,-3.186065043142409792e-01
7.710590713524290152e-02,-5.032717399433541683e-01
-2.048225225946764816e-02,-3.301644826652297970e-01
1.300419968785274660e-01,9.523389543012006353e-02
-3.700170575489836189e-02,1.145488459705230611e-01
1.896883252228542815e-02,2.180274624796796346e-02
-2.098884336633632941e-03,-6.353830975306270501e-01
-1.248029939539277988e-01,-5.410142304512077782e-01
-1.115845416890914876e-02,-5.652807847605163527e-01
-9.583626110747367477e-04,-5.140839684565081669e-01
-1.121928514605364802e-01,-6.244846814033226945e-01
8.307101921918003118e-02,-6.846511631239504680e-02
4.415129137837148221e-03,1.482374508389092682e-01
7.978140465948579951e-02,-4.827925182056813647e-01
3.177064239938687251e-02,3.759110471125781672e-02
-3.454695951130681841e-03,-3.110643030865455905e-01
3.821622091819321110e-02,-3.824190835504425179e-01
-2.892762840702167715e-03,-4.798826968882277111e-01
8.631711313562417942e-02,-3.209797545522866113e-01
2.190747511060567865e-01,-1.767426611740489650e-01
1.669509782979283763e-02,9.818950393076397720e-02
8.799769607296958895e-02,-5.339312244848247735e-01
8.283489326861370738e-02,-1.059351718515346708e-01
8.084925261556297205e-02,1.110592777998634650e-01
-1.867676881251941756e-01,-5.446372555187700693e-01
3.229680520188193960e-02,-4.036641869001894034e-01
-4.247688677620975461e-02,-5.977797090782817069e-01
-1.663338748379578624e-01,-5.030245991400082994e-01
4.252729071311567299e-02,-6.055757501545313559e-01
1.469218057784744680e-01,-3.679019751040213393e-01
8.526491353124210359e-02,-2.652905384633192365e-01
1.045260116352847435e-01,-4.765917639204182432e-01
6.461173663109398557e-02,-9.679115889961986685e-02
-2.655546531874084515e-01,-9.229108923320306079e-02
6.973692759347238646e-02,5.882629094143798643e-02
6.903472782957209564e-02,-2.543559806139583657e-02
-8.869810757464546835e-02,-4.966829406891473675e-01
-5.530219130287661322e-02,-4.847498530250530790e-01
1.266962472853974120e-01,7.354507422090184043e-02
2.472029542091849219e-01,-2.136356368856634491e-01
3.754921974193481393e-02,-3.098288828028304409e-01
1.221704088185431303e-01,-4.673398185608417243e-01
1.091695357087520968e-01,-5.035956290073227981e-01
-1.007941645535759267e-02,-3.757596322054169713e-01
9.014465445484454165e-02,-3.024618676513892712e-01
-1.592319441800007507e-01,-6.125258257285076668e-01
6.928179327787709063e-02,-4.283828211091187388e-01
1.144605616425051764e-01,-2.553826272814008758e-01
5.725445421300479065e-02,-2.673383505038602337e-01
8.334952177838150789e-02,6.469223770555609931e-02
1.165524535704443032e-01,1.360638023420704945e-01
-8.643209339005097913e-02,-4.834055792640770122e-01
7.336110671393702987e-02,-5.118672254706487790e-01
4.877742732785728119e-02,7.522622561281999687e-02
-1.239048302257064194e-01,-4.625629887678012198e-01
6.450089568758876624e-02,5.464800424643956323e-02
4.369291328808178054e-02,-2.629361089159942821e-02
-8.934145792044956291e-02,-6.258264587848713090e-01
2.998626889092392833e-02,-2.978070266990976989e-01
-2.044073585738703236e-01,-4.873474680926552782e-01
3.509583210537736697e-02,9.833117022621917780e-02
1.816892514576884388e-02,-2.592683783727033897e-01
-5.308594902311658537e-02,-5.529296105305006037e-01
8.385422680621790192e-02,-2.712609134159005286e-01
5.701076353054945756e-02,-6.319716297756339252e-02
-8.884674278465953812e-03,-2.484349041046097772e-01
-1.621204865398751527e-01,-5.250393906171942904e-01
4.556200462856097033e-03,1.303773998290244096e-01
-1.356130686170242683e-02,-5.341824239016100817e-01
8.129021625636334569e-03,-5.451254091023791659e-01
1.121603700219125921e-01,-6.400023136169163962e-01
5.305232647225277542e-02,5.023285174541936016e-02
-1.101614525153752355e-01,-5.094131948737078419e-01
-2.745842303385703786e-03,-5.379273068622024701e-01
7.468366671174853089e-02,1.194715213107901963e-01
-1.956360705532076971e-01,-5.639607577800503924e-01
-3.868045686865539956e-02,-5.659828893433119790e-01
-3.471055651435561717e-02,-3.133624505237787017e-01
1.260381852560201743e-01,7.702331326826983293e-02
-1.180623910990745706e-01,-5.381229691955794481e-01
3.904804966294506130e-02,-8.379167521611052827e-03
1.953093169732955658e-02,-5.289964783666192272e-01
9.411537923606905220e-02,2.849294797366164200e-02
1.251492119608753617e-01,1.017911304080728607e-01
-1.903471811724011253e-02,-3.575821751017320693e-01
1.481856377130752467e-02,-2.334728571159776500e-01
2.692829430229182197e-02,-5.877208512714061639e-01
7.076325594059962310e-02,-3.780895745798372731e-01
-1.943136440910117058e-01,-4.779982446997655954e-01
1.271586588584628918e-01,-2.885357356218269387e-01
3.436839368182176280e-03,-5.991004917023512455e-01
1.363094669727401564e-01,-3.096989450754675799e-01
8.274364957727453618e-02,1.222594913901039471e-01
1.271944792784263090e-02,-4.794631340306455547e-01
1.171781612697402331e-01,1.079321803510666644e-01
1.159349680040139274e-01,-3.558587596514706242e-01
7.447754451755039806e-02,8.677146357414800004e-02
3.789986699583358654e-02,-6.338298502544105206e-01
-1.351301180999220364e-02,-6.363891492739949252e-01
-2.672101468869136909e-02,-2.910748440892162447e-01
-5.580023296369984731e-02,-6.160782985177079007e-01
-1.483265015438000045e-01,-5.377999793014622831e-01
8.321689540866405999e-02,1.032045528595202377e-01
9.994603245505984113e-02,-6.209228670112336701e-01
4.880818053672186796e-02,6.707710703394409446e-02
2.690974503457488343e-02,9.998844308077037280e-02
-1.651736663027441043e-01,-5.148857562839072033e-01
8.010803592717008481e-02,1.131241435636256565e-01
5.326902448128134626e-02,-5.802381313099916893e-01
6.895549433640046910e-02,-3.744153426884312963e-01
-5.539658449711437616e-02,-4.971616212311415484e-01
-1.114618148801701514e-01,-4.607401537850162598e-01
-2.316648239315932667e-02,3.251920657427239680e-01
7.936065296529937196e-02,-2.510536731688961520e-02
5.243336083002869685e-02,1.476428537260887630e-02
-1.631559342159166759e-01,-5.525443493209762913e-01
8.465047196195696344e-02,-4.785188571584411688e-01
-2.575949817851430623e-02,-3.105124958773687882e-01
3.282489168714597394e-02,1.504372540422604931e-02
1.014707545141029232e-01,-6.049418119220490997e-01
-1.286357698589367660e-01,-6.292235677824997708e-01
-3.268370814413446013e-03,1.248793466325178736e-01
8.589962843470944076e-02,1.401451397804964749e-02
3.967962941313918357e-02,1.023407832277527518e-01
-1.706414546486599848e-01,-5.040586943075877624e-01
-1.166106757170478625e-01,-5.237220703937278676e-01
1.191396522344412290e-02,-2.835490770820200401e-01
-2.820595510650758531e-02,1.316604621521326735e-01
-1.832829713723649334e-02,-4.645253128241604856e-01
-1.470629816221388775e-01,-6.178807734743416713e-01
1.058075407711818183e-01,-5.266868356404326157e-01
-2.193051222690001190e-02,-5.056692233299682204e-01
-3.913023653684169489e-01,-3.064927616861780613e-01
7.924389635531448040e-02,-5.894529092107356760e-01
-5.923347550927937633e-03,-2.759360192789279131e-01
-1.249398896891618094e-02,-4.974324786344930804e-01
4.684254240657237389e-02,-9.876630396400698508e-02
-2.014562719619811260e-01,-5.000224970840920768e-01
7.189214797182486016e-03,-1.041136074718773674e-02
8.373304078529875127e-02,-5.118629181787340832e-01
-4.620831124860247385e-02,-4.992628080431217308e-01
1.248682486523156054e-01,-3.148405413220132232e-01
1.889820077629655870e-02,-6.386416149986304802e-01
2.819714289411412445e-03,-5.246659087661653675e-01
-3.453574684586080412e-02,-3.082911175307495588e-01
-1.770631025607392606e-01,-6.270365264841627484e-01
-1.072383244420503923e-01,-5.558303032787553777e-01
1.474563076167270115e-01,-3.427593236982897640e-01
3.326687152559182348e-02,-6.268179208403227287e-01
1.258566116644677102e-01,1.058458768071229850e-01
8.677247379644836833e-02,-5.020979520018791220e-01
2.030460566036538239e-01,-1.979458121685089833e-01
-1.605889090065120706e-01,-5.393573319333794247e-01
1.817398178533236042e-02,8.941336208351391424e-02
4.844959286681549404e-02,-5.061048146685797056e-01
9.478493450104663598e-02,-5.689780092884350049e-01
4.628991770162405039e-02,-5.613255747479665159e-01
-1.699155763501580818e-02,-3.591101243799850185e-01
5.631617063226801445e-02,-4.697969784145316630e-01
6.979348307942823126e-02,5.774112781000051431e-02
1.879778240231777531e-02,-3.128408072517390170e-01
6.226162858754724638e-02,-2.133780909075233545e-02
-6.047913384542835669e-02,-4.821871234097874770e-01
-7.985265444278355496e-03,-3.111390082767579446e-01
-1.761924374830035056e-01,-4.972780874148740038e-01
1.183973527616569710e-01,-3.798171955323131899e-01
2.605790657089512852e-02,-3.713204095684241590e-01
9.691271097130194079e-03,-5.479108553405969140e-01
-5.247233467816414532e-03,-6.210864214870125410e-01
1.817358627464749077e-02,-4.850216293822744995e-01
2.643356226251869501e-02,-3.772224199485549878e-01
-1.376135467906125509e-02,1.300220290331047801e-01
-5.987561778811445468e-02,-5.628449377894295669e-01
2.078178964263164286e-01,-2.053345658114777983e-01
1.007922390000172141e-01,2.913765383245503493e-02
1.441864068818221600e-01,-3.621620768039374716e-01
4.144938878667669968e-02,-3.968744625706179252e-01
7.276249736960893610e-02,5.042037963850276583e-02
-4.010004153998264487e-01,-2.853450854321281649e-01
-6.264048654816134487e-02,-6.107331940253912794e-01
1.150664904881028017e-01,-3.936178578090389624e-01
6.697456676353485960e-02,-4.162549479606354463e-01
8.897697298850071324e-02,-2.858186693405365131e-01
3.169337887174650259e-02,-3.949107356806585978e-01
1.360530742084836708e-01,-3.596279067518756700e-01
5.780320878294675779e-02,-5.237982417591150464e-01
9.216886042470329166e-02,-2.945605538756199127e-01
-4.273861032047332476e-02,-4.876117254499823250e-01
9.927021624901966046e-02,-2.530833711674914110e-01
8.175500355093956451e-02,-4.110880248889302591e-01
7.807649767161661813e-02,-1.072707079694026344e-01
-1.665791772925139802e-01,-6.199400538661056226e-01
-6.648868574569055667e-02,-5.200254231180239106e-01
5.718855083729845745e-02,-8.906101415715383940e-02
-1.936133147369434315e-02,-3.639604053923155003e-01
-7.530408329762261488e-04,-6.293844137513496806e-01
9.629754311032878711e-02,-5.378518621376890962e-01
-6.800670342065850971e-02,-5.589498782150995604e-01
1.622328062299961404e-01,-3.246686914378102418e-01
8.996928344587373783e-02,-2.540725082201416574e-01
-1.749907486608426321e-02,-2.662321289432101334e-01
3.269032680526950951e-02,-4.790815816792658444e-01
6.531424135351027171e-02,-5.647063746295307718e-01
5.211638305237831226e-02,-3.056381647596473350e-03
-1.119328800068520868e-01,-4.501295438331684995e-01
1.161265906016095695e-02,-3.735878015048292866e-01
2.210247426300027129e-02,-3.884962494582895887e-01
-3.963006664609544094e-01,-3.116853283230930916e-01
1.305184637898741951e-01,-3.118079709998375915e-01
7.582914258266981733e-02,-9.734767413684053405e-02
7.734897061787338046e-02,-2.122890903342433688e-02
1.061511535394175088e-01,-4.994511535169426364e-01
-1.912501471972805067e-02,8.124601142179432856e-02
7.085950237575111554e-02,-1.154523936075457780e-01
9.153772083043465457e-03,-3.495611595364714885e-01
1.374434828402969488e-01,-3.689977453364300386e-01
7.493330814462784151e-02,-3.661479057005847526e-01
5.028967621294488932e-02,7.008068716328619274e-02
-7.305668598967252070e-02,-4.692717571968673118e-01
-7.183384313097196383e-02,-4.606987628416370217e-01
1.526726443481560835e-01,-3.136173006597393065e-01
-1.733513480303338627e-01,-5.224224482461097274e-01
1.421248752876287380e-01,-3.776398566855970196e-01
3.790495553851536137e-02,-5.857100916232803600e-01
-3.393283441315075866e-02,-2.998113752446190938e-01
5.480118549371792991e-02,2.458536311596060120e-02
5.149286563096444613e-02,9.892931746591338005e-03
2.418841977004659860e-02,-3.649263449042525198e-01
1.549977434777962682e-01,-3.155670800963848444e-01
6.511564355220667011e-02,-1.772955190715452822e-02
-5.350656561414190993e-02,-5.657030855365180466e-01
-1.272688209684323946e-01,-5.845142090527984946e-01
-1.441906830924200023e-02,-2.771248733123143904e-01
-1.105639526712410836e-01,-5.348603765150885536e-01
4.628289285851039381e-02,-3.711665454771959083e-01
1.130335886703088821e-01,-3.603727761057953782e-01
6.569902556640827562e-02,4.911443282031957569e-02
8.174832692776679011e-02,-6.024558689257927258e-01
4.669838970271489309e-02,7.200674098064663298e-02
-4.211093818626127083e-01,-3.035941656841795178e-01
1.197073739497606093e-01,1.246403684207195717e-01
-1.848935397910405065e-01,-5.972691689196947262e-01
1.151606193080934037e-02,-3.633357614009404268e-01
-4.168997775869792699e-01,-2.746885753345695846e-01
-4.924450665091839596e-02,-4.639416324559301197e-01
-4.006281421734281256e-02,-5.562988479393463637e-01
5.951420766103299176e-02,-5.136757285831107245e-01
8.220292786536631535e-02,-6.100792879928373935e-02
4.664779212840097777e-02,-4.744958640021086360e-01
1.064136780294048235e-01,1.203885788248406641e-01
7.024761502960663595e-02,-3.762368719664229699e-01
5.455380317469293860e-02,4.184717028057272081e-02
2.850365245405084291e-02,-5.297296290557194087e-01
2.098195583889811422e-01,-2.086561050670274753e-01
-8.185763570546067402e-02,-5.092153894893242105e-01
4.732491155648343994e-02,-5.645340931026040510e-01
-7.225341144360419854e-02,-5.283907869622597175e-01
-1.775611965219446864e-01,-6.233733841446890134e-01
-3.393248610412713528e-02,-4.479505290421819108e-01
-1.581548181710148993e-01,-5.243335931915297232e-01
-2.989392524345613200e-02,-3.116897040202702973e-01
9.790244644013212927e-02,-4.696228722088788832e-01
-1.637833301395922314e-01,-6.431003618622282980e-01
1.404458037551192806e-02,-3.546690758250498621e-01
-1.026601965552944584e-01,-5.303263129200816994e-01
2.320098658918192669e-01,-1.811884472850758265e-01
1.062007326480269853e-01,5.090468323545527252e-02
-3.117746449775160578e-02,1.098234896914083158e-01
2.025543580656097298e-02,-3.403355249388888559e-01
2.191739250968302022e-01,-1.667886466006011092e-01
2.115406781763869981e-01,-1.765768391699711337e-01
1.153830076819666317e-01,-3.751771487961862439e-01
1.059955244517879480e-01,-5.483959146737490409e-01
-9.612909300874228347e-02,-4.508560921581578063e-01
-9.063303266649391787e-02,-6.222455798518027326e-01
2.072546990019263902e-01,-1.616132123046326030e-01
-8.160012240934255701e-02,-5.554322552649200162e-01
-1.046421901733162185e-01,-4.684207682238766823e-01
-4.610636524382594192e-02,-5.505324312415131871e-01
3.895528471148823613e-03,-3.897292619672348413e-01
1.326994262306054884e-01,-4.668492437703221087e-01
7.554750698261913922e-02,1.253294839483592993e-01
-3.973872243337928101e-02,-5.851364958433042940e-01
-3.188364401103338519e-02,-4.730135709953464662e-01
-1.518685815870957079e-02,-2.401243317405037381e-01
8.608788606861794701e-02,-6.078669850644613515e-01
1.118295003972564761e-01,-2.844154783416873999e-01
-1.510943163987222837e-01,-5.708966631864496044e-01
-1.348941648339337940e-01,-6.394967707068949236e-01
1.567552952566825253e-01,-3.151044013097930030e-01
4.658141678634408755e-02,-2.399034559056185123e-01
8.719910304958311542e-02,-6.203363872519860323e-01
-1.110221402098610088e-02,-3.738654120903160960e-01
-6.728644421758134264e-03,-5.827816084864128054e-01
1.176996659800040312e-01,-5.961466602231051404e-01
-1.336122816481206677e-01,-4.693532703770088577e-01
2.205571698372601475e-01,-1.759967605182696238e-01
-1.021708763394646446e-02,1.099465953122541473e-01
6.597958828930061692e-02,-5.124156656864670145e-01
-2.490563736559181507e-02,3.218447159370843025e-01
8.498007128941020838e-02,-1.035447833666969242e-01
-8.501828401452116157e-02,-5.912348439408684486e-01
5.962556301797383718e-02,-4.980459337099834016e-01
4.605075327744612146e-02,-5.935569272915538486e-01
-6.315821302185242736e-02,-4.685445654845087349e-01
-8.845404943789159091e-02,-6.389897652547742446e-01
-1.431177663779146236e-01,-6.200921944576731626e-01
9.786119663551473558e-02,-4.719331541638561722e-01
-2.623967078300158962e-01,-1.077620188675868507e-01
1.134967654744631904e-01,-1.201854414553349404e-01
1.322786505525219702e-01,-3.002124897198769071e-01
3.443474198952167775e-02,-3.311028289987507089e-01
-4.285981445505626652e-03,-5.891942857239829134e-01
5.497996000222782342e-02,-3.059295924695951685e-01
-1.045955804502394226e-01,-4.753335560369564838e-01
3.261213532714513086e-02,6.670235765133147865e-03
2.696035696723708686e-02,-5.498990437561811495e-01
1.406296011822611991e-01,1.306898147082941053e-01
4.697539471067346817e-02,-5.117606590821626167e-01
4.264839000646925005e-02,5.684888284652167556e-02
-5.384613511234925820e-02,-5.470615302458896601e-01
-3.513620654391202969e-03,5.560147430862216744e-02
3.734592586391338731e-02,-4.753774156940894224e-01
-5.318413085889395209e-02,-4.450865676977925345e-01
5.995239198897206467e-02,-5.321155595992425047e-01
1.652783180547956476e-04,-5.012046308030406738e-01
-1.869549978792317546e-02,3.414021068082075949e-01
8.389572417226887069e-02,-6.287210964628481280e-01
6.499986561652371098e-02,4.730095038074511038e-02
1.491633206166076420e-02,5.236891563534895599e-02
1.035777413071068409e-01,-1.189256409570336182e-01
7.784043899052472959e-02,5.015366634407492086e-03
-2.020550263599307783e-02,3.311753235777035176e-01
-1.703128036856399463e-01,-6.359455220661457409e-01
1.140122336129637537e-01,-2.854253270453562807e-01
5.643539645397932514e-02,-8.643600466796852455e-02
-7.683545403265856777e-02,-5.094421454969334517e-01
2.797636795010194355e-02,-4.069065773937396990e-03
9.622042498944183286e-02,6.121224501784205962e-03
2.029736892441753593e-01,-2.037264923530424099e-01
3.488665163083182197e-02,5.970692586942683011e-02
-6.075653205370346033e-02,-4.902485255463686631e-01
4.889273096090251958e-02,-6.004809489626213859e-01
8.162839574965508049e-02,-3.877364639572112304e-01
-5.429891928280983215e-02,-5.647907930392868092e-01
-1.404665849222045404e-01,-5.754283273836999779e-01
4.330084745268636404e-03,-5.102452683240231712e-01
-1.699447132488205447e-01,-5.033141318238114614e-01
-1.057178732810833965e-01,-5.305016876132007120e-01
4.382078340084438750e-02,-3.621736548946231093e-01
3.588621371516953484e-02,-3.609934070165263797e-01
4.624475152606177808e-02,-5.451050153177300350e-01
9.983483488295741282e-02,-6.009839618039042319e-01
-8.361015198047438979e-03,1.339194720307644859e-01
-2.473513921115266800e-02,-5.383307680747638768e-01
7.421456982074869924e-02,-6.173770566115436287e-01
-9.447521958472515635e-02,-4.379624811808563445e-01
-4.741089405789711275e-02,-6.261595697079589407e-01
2.257846522230604336e-01,-2.030578838324412216e-01
7.627642380128107913e-02,-3.283276761259564802e-01
-7.745554565753853815e-02,-6.058615045452238057e-01
-1.865339797064957672e-02,-2.954316161606739821e-01
-4.074269082839410139e-02,-4.646098185780007661e-01
6.038173360663068312e-02,-7.363719211177022217e-02
1.389157152874761492e-01,-4.686141888912576103e-01
9.836577938827062439e-02,-3.352268786879263329e-01
-2.131904476675705595e-02,-5.237333282073701746e-01
-2.794852590302954187e-02,-5.532737880574357670e-01
9.097600757359480816e-02,8.887050097904758417e-02
1.579625533615824917e-02,-5.987868343413235150e-01
-1.509256575107624787e-01,-5.758331287827123113e-01
-1.321958825067994781e-01,-4.884052700752353759e-01
-5.995282539821100709e-02,-5.106892313370501313e-01
-3.958266156838452510e-02,3.342161882473979606e-01
1.349054895204474525e-01,-4.797431210853718708e-01
-1.243134844961442109e-01,-6.124335394681285072e-01
4.276661671638593010e-02,-3.693020970338285469e-01
8.419962503888389627e-02,-3.295084634552590819e-01
7.161975592549640890e-02,-9.622461162892503861e-02
3.252643644042474413e-02,-2.919027755563231574e-01
-8.876574990822261313e-02,-5.374589557124942463e-01
8.776407603331015661e-02,-3.285348941876689577e-01
3.223383251515932191e-02,-1.370751216803733907e-02
5.304447658373023788e-02,-4.708355000062103835e-01
3.122394380444426520e-02,-2.369047163481969864e-01
1.182025627048368666e-01,-5.484047152716371443e-01
4.214869415324207225e-02,-3.155016441306390806e-02
1.510118633862368442e-01,-3.122729179241596209e-01
6.312732128511366891e-02,-5.644549444380544401e-01
-7.837631409676970584e-03,-5.944987489565861649e-01
1.098925868608365830e-01,-8.767867334524948042e-02
1.629444497908849598e-02,1.142711922829680038e-01
1.608933756329884446e-01,-3.214220466007788324e-01
-2.931306540231992663e-02,-5.069783603652965320e-01
1.804941526210201985e-02,-5.108663582670733838e-01
4.674995370666990002e-02,5.527911452264144820e-02
1.713305129788511572e-03,-5.373416328609762482e-01
2.438123433024919073e-02,-3.206035583400610456e-01
-1.179784535086431108e-01,-4.934488126150224918e-01
2.409123716550809480e-02,-5.986887720532297896e-01
-1.743362287599567462e-01,-4.970147726576109037e-01
-1.445908976902828269e-01,-5.398688132940213658e-01
7.269035288442249332e-02,-1.116517667454889340e-01
9.458001915536340398e-02,-2.467641319071607331e-01
5.083028635276964913e-02,-2.742753405473110084e-01
1.262813105676430236e-01,8.900934939656435230e-02
-9.084971429020094469e-03,6.978306217281493584e-02
4.494176871284516483e-02,-3.861959106036261247e-02
8.104014576226037381e-02,-5.566521655893161835e-01
9.827624086605424303e-02,-3.584852895304836418e-01
1.237465332029515919e-01,-5.808675092977073628e-01
9.724799807711193012e-02,-5.347448629382726137e-01
4.662443701256135942e-02,-4.808148517832969704e-01
-3.894932330190825631e-02,-4.815180805594560520e-01
4.041401425602697550e-02,-2.576687098944564491e-01
8.474735235487873553e-02,1.095617682558943651e-01
7.183246878710558558e-02,6.830393783185451095e-02
-9.589973617915448223e-02,-4.605507882061053437e-01
-6.301499376792785156e-02,-5.860810673353598066e-01
7.465371205956694567e-03,-5.998655358773979929e-01
-1.583164975142105080e-01,-5.270646782907700834e-01
1.085139961661993890e-01,-8.332520936587428650e-02
5.159828679940070550e-02,-6.546881785122082853e-03
-8.134313576149010405e-02,-6.166369855360345209e-01
-1.242499275069486320e-02,-6.212223930119964432e-01
-3.054172936062826693e-02,1.054304450777753255e-01
-3.658391836039442957e-02,3.370673997932546184e-01
9.242828324714413846e-02,-4.711239040161805391e-01
8.149328562707325307e-02,-2.571661916878517640e-01
-5.629459706745987280e-02,-5.337078652111078014e-01
5.418161731057025143e-02,9.675583320484448802e-02
-1.636590559651019960e-01,-5.034444680644387660e-01
1.760260972452798445e-02,2.373251983590496383e-02
-1.361169959303776267e-02,-5.204000645045427920e-01
1.987626447306197752e-01,-1.975438832515288845e-01
9.749348799557111533e-02,-2.951062155777947060e-01
-6.134145699574489186e-04,1.186131495138288416e-01
-9.257493205133693337e-04,-5.989693047475492804e-01
1.197898303527086261e-01,-9.291548722089182366e-02
5.663150348883916330e-02,8.942907995942250832e-02
2.162124139845222892e-02,-2.401132771353819972e-02
1.050489165774343148e-01,-2.733508397042964666e-01
-4.614130957869555516e-05,8.267056985182286155e-02
-3.225697508423586157e-02,-3.216729986831518562e-01
1.094509295029626461e-01,3.437767508109701442e-02
1.408315504570682997e-01,1.200644534045918199e-01
1.128285237168162869e-01,9.847435767592394029e-02
1.215106225983544341e-01,-6.351013347887352056e-01
-6.981239213297441015e-02,-5.189380313684923696e-01
2.302109800619628333e-01,-1.815572664372356315e-01
-6.527821229948505000e-02,-5.062514933455953825e-01
3.596756486949148623e-02,-5.291132518754800840e-01
-3.873502790892430214e-01,-3.049240607117437163e-01
-3.846007384336247448e-02,3.375302788007140675e-01
4.761961404956027710e-02,5.958585065367605349e-02
-4.520118484032153994e-02,-4.812514696548564341e-01
-3.322086215887543048e-02,-5.084075732360706645e-01
-1.343911279064613495e-01,-5.582686439502800857e-01
-2.415669940223807988e-02,8.562395362332209103e-02
4.879301128940383148e-02,-2.511543196914847731e-01
-4.132948189151564033e-02,-4.900825478458489814e-01
7.397710879525709604e-02,-5.741327663003871207e-01
8.950232924926460054e-02,1.147115350780720799e-01
1.439815947167631949e-01,1.330184160879954725e-01
-1.065713800503687025e-02,-2.741313206397971713e-01
9.071288376069874815e-02,-3.008514984584512164e-01
2.509156625928005147e-01,-2.163780452056007775e-01
6.480046427561847455e-02,-5.020547106017592132e-01
-3.955374459402754561e-01,-3.295312442323615199e-01
7.345124921024870357e-02,-4.762127146432152403e-01
-1.696112565618459467e-01,-5.687072413523115433e-01
-2.206420801821051825e-02,-3.489136798360478187e-01
-6.761548455741506203e-04,-3.459753740133660882e-01
-2.315818751492759731e-02,-3.236955466660726977e-01
-3.037115183172711674e-02,-4.504523069756377618e-01
8.430779703963597882e-02,-4.846782188372114053e-01
6.930432521190188488e-03,-2.949088754167928927e-01
8.561871817868638157e-02,4.350999150844536700e-02
-4.935686421084772846e-04,9.296801708189217361e-02
-1.775002845518274808e-01,-5.696993804033598785e-01
1.222023678437579308e-01,-2.859411451593156239e-01
-1.807285312979693970e-01,-6.097544972748040193e-01
2.212425755425428964e-02,-5.056873179512677563e-01
6.478942336976867278e-02,-6.415630306040892572e-01
5.646878393957333042e-02,-2.917534534288541703e-01
1.070565476621475609e-01,-4.635856170729293346e-01
3.778400545441074065e-02,-3.631263977932556730e-01
-6.145384662603947667e-03,-6.016445589493963908e-01
-7.182335455278243685e-02,-5.574190025583822816e-01
-2.747074738431865004e-02,-4.846470271972720401e-01
-1.771921582090335567e-01,-5.147482192277906821e-01
7.590917454784795737e-02,-3.513153486124226399e-01
1.065007476530221986e-01,-6.245600074445141203e-01
-2.572587901144451905e-03,-3.402212035225982145e-01
-4.231344040960240971e-01,-3.083830074090267437e-01
-1.704699585549571128e-01,-5.027419424827066496e-01
5.343219215260741617e-02,-3.699292172688196656e-01
-9.602244048853281200e-02,-4.947065151320980125e-01
-2.517233156868137200e-03,-6.242829398413390907e-01
1.036160598472446459e-02,-5.193084444467599425e-01
1.295274714253658033e-02,-4.790119076618936655e-01
1.147546682383682182e-01,5.392999069133719292e-02
-7.000912979082851706e-02,-4.245339796402424204e-01
-1.898339681723911210e-01,-5.782464404470307739e-01
1.005242028840057644e-01,-5.913939577468585451e-01
9.898632679259988798e-02,-3.569139768381467959e-01
-6.979145302250899796e-02,-4.812887349401399062e-01
2.057844112270180714e-01,-1.914793702875289272e-01
1.293916251355796687e-01,-4.757321684574513654e-01
7.559398542769957263e-02,6.362759392078209952e-02
2.172692138721874500e-01,-1.789081094788718129e-01
9.579189242744989841e-02,-2.592677052429021578e-01
-1.520935743709353472e-01,-5.770128265196265982e-01
-5.995310782593610277e-02,-4.791401033634693496e-01
5.545807709994221568e-02,2.377448702323547991e-02
-5.533754959193182277e-02,-4.669073144372088979e-01
-6.918656886193697009e-02,-5.632352281549789508e-01
-1.736446303030925176e-02,-5.823922966973474891e-01
-1.870644011625755554e-01,-6.015046468751006348e-01
-1.853159928214517249e-01,-5.011174089085118633e-01
-3.274707789674757841e-03,-5.398153572555461910e-01
1.038456794672643069e-01,1.320473747328809733e-02
1.116603054663759531e-01,-9.820920228527629803e-02
-8.355240269561026167e-03,-6.391493273065865788e-01
8.874227201433115830e-02,-4.935953072086476379e-01
7.715102028998566119e-02,-5.991535279207005349e-02
-7.078296738607392502e-02,-4.671608095229148327e-01
5.420627405383182662e-03,1.458818959149386085e-01
7.463337089320953854e-02,-2.931237468785944933e-01
1.121620303263126672e-01,-5.295348774213531895e-01
6.902365296213552881e-02,1.803658666113316933e-02
-2.629659209367256056e-01,-7.460433894913043318e-02
1.114181788940953322e-01,-3.926538069283417309e-01
5.465208421788991799e-03,-2.403834243517616320e-01
-1.029016416589612071e-02,-2.383293433623039359e-01
2.016470072545950565e-02,-3.475251213791036853e-01
-2.572827383909292998e-03,-5.124097301554932926e-01
-8.411925703594613779e-03,-3.716803765399880888e-01
-1.021920942174784352e-01,-4.558498151418515221e-01
-5.905190741511301411e-03,-5.789368284501843487e-01
3.739442527915581849e-02,-3.585590774823574356e-01
-8.825202101696671964e-02,-5.507897117475970550e-01
4.475298219242218600e-02,9.498662775949284764e-02
-9.589320628299602411e-02,-5.708265072414142605e-01
-4.162902689868704376e-01,-3.314074407060420002e-01
-1.855789655868475552e-01,-5.021574450588169869e-01
1.113483523450128354e-01,5.439757104213249761e-02
-7.388500296696365321e-02,-6.001314305765016455e-01
2.573817276006362675e-03,-4.860442238191567399e-01
-1.265170620912543509e-01,-4.973586418191326963e-01
9.472414156251995898e-03,-2.585499572621974829e-01
-5.922207724768102644e-02,-5.542357161137299038e-01
-1.926339283390977597e-01,-5.169356233444605264e-01
9.043285177317439416e-02,7.598351959013482926e-03
-2.519819353189589606e-02,-3.035678085275678728e-01
-9.997988683911107621e-03,-3.590151455849165951e-01
-3.370016906210160368e-02,-6.098851883241604988e-01
1.071648723765320499e-01,-3.031345766851761825e-01
-1.830940250655119783e-01,-5.655073801770561515e-01
2.664463754435986154e-02,7.313839481640094231e-02
3.980017688966352996e-02,-2.809338088277530399e-01
8.341929098067213388e-02,-4.762255191376537633e-01
-5.556920998046188664e-02,-4.396321661431156214e-01
-5.504847773256327237e-03,-4.805781320964435110e-01
8.119690042811156250e-02,1.002066176202525138e-01
-9.956139835204269595e-02,-5.042403215549874362e-01
8.490279993881844067e-02,-3.006513375290917334e-01
8.438264611860302189e-02,-5.249048816491890257e-01
5.453435236074255510e-02,-3.735904742617831009e-01
1.289520542539193126e-01,-3.757829331344904600e-01
-7.309029140423806137e-02,-6.002606990146149846e-01
-1.547349409128484510e-02,-4.933877111094759349e-01
-8.159370795199061277e-02,-4.973668083034497589e-01
1.802938690113065068e-02,-2.701602656557006710e-01
-2.844210924578463029e-01,-1.010818481117962131e-01
6.955543694731081139e-02,7.660824709677371835e-02
-1.464106864896175253e-02,-6.092086333595309044e-01
5.226075466829072091e-03,-3.498869348066585006e-01
-5.558408956228788611e-02,-5.581914336266660115e-01
8.428482447794249932e-02,1.016570287465936584e-01
1.959803076011124023e-02,-1.370222881002547410e-02
-8.544903953549920494e-02,-5.678009819049555373e-01
1.070250238414918176e-01,6.823711294720580245e-02
-1.015891095891424678e-01,-5.725419721756894731e-01
6.986232766410127581e-02,-9.815885507791444198e-03
1.622223432134839438e-02,-4.734681681673234555e-01
5.336841371859646355e-02,-5.148364371719865717e-01
5.119037969256967635e-02,-4.175811667538733007e-01
1.037650007811670161e-01,5.264741212002210791e-02
6.548231096620915626e-02,7.348739262770509484e-02
1.922445430265096178e-02,-5.693639974340279908e-01
1.242460062709977997e-01,-6.274967842719377797e-01
7.796394091547642624e-03,-4.866850928279681243e-01
1.159369922855393309e-01,1.394198905194887761e-01
7.066264307960767876e-02,-1.067863176131308434e-01
1.092785459402312309e-02,-3.754338977761715324e-01
9.867196160535640637e-02,-6.431224731107852977e-01
1.036058553472364308e-01,-3.425735769431067501e-01
-1.961813329994455124e-02,1.317024173634420148e-01
5.835246766062285317e-02,-4.100609899388725776e-01
8.557233773975270186e-02,-4.651043700349170584e-01
-2.637020209179052888e-02,-4.565338684385547574e-01
4.301084253721532136e-02,-5.305511005823451143e-01
-1.264899495002185237e-01,-4.870060557906793486e-01
6.568453336092749950e-02,-4.942790564591766911e-01
8.391953352111947151e-02,-4.039954806408188048e-01
-1.798892778862768993e-01,-5.575441536702467893e-01
-6.740003537079886087e-02,-5.325568816184641507e-01
-6.056658153539284939e-02,-6.142211517456448444e-01
-8.565547370525405935e-02,-5.591299979647290641e-01
2.098476721178053062e-01,-1.617615206419208418e-01
-5.781372736090983899e-02,-4.647426975560350337e-01
-3.972626648133914529e-03,1.323396579140423412e-02
9.230430919525955957e-02,-6.189042501772531457e-01
-1.862792397075307971e-02,-5.634623291358806796e-01
2.001696410553677197e-02,-2.386465337076637550e-02
2.039778612946563374e-02,-2.577269904187275973e-01
-1.310285379839681852e-04,-5.395167103726213886e-01
-4.100025641698310519e-01,-3.326196108294644516e-01
-5.103006881026894703e-02,-5.564801759233952705e-01
5.334593626686467971e-02,-6.360936327034324433e-01
-6.945727920578670389e-02,-5.485969390331993933e-01
1.166044447328331568e-01,-2.589223900506640308e-01
1.095943330134256932e-01,8.327690987991231975e-02
-1.042245172869745717e-01,-4.560817874918089987e-01
4.730918488701785218e-02,-4.016564343021135075e-01
-1.094562863049910462e-01,-5.431562906826414849e-01
5.638029073580275163e-02,-6.320470946683059976e-01
-1.201701722755487145e-01,-5.776651200266957886e-01
2.298195990494744656e-03,-5.934305579466803149e-01
-1.875964588738954220e-03,-5.473083044059170454e-01
4.698833247009126524e-02,-2.334689473982187735e-03
1.123483558895203016e-01,-2.888215384606505065e-01
-6.664764103979547993e-02,-4.411539595430348237e-01
1.232783694532559871e-01,1.183375253991345577e-01
1.181281407744155798e-01,-3.247890676870546778e-01
9.505340422364216835e-02,3.999990907275607910e-02
1.183988014399770528e-01,-1.157410295165458569e-01
-1.440049901351178052e-01,-6.317123612897247442e-01
3.916320282712426604e-02,-4.111584981766657210e-01
-1.053077466773886250e-01,-5.057253284906061408e-01
1.173792869757657176e-01,-2.761800339855330355e-01
4.792401359129971894e-02,-2.857448723547328373e-01
4.462265856155234189e-02,-3.271196554783728505e-02
5.471632160903072695e-02,-5.663185806168080649e-01
-2.774714134352673778e-02,-3.122711083754728389e-01
6.069214415558366049e-02,-2.955629760771062431e-01
1.260442591213114527e-01,-3.033903139711147667e-01
3.208698901131779024e-02,-3.121140020993102282e-01
5.412258682034265522e-02,-4.696906637690937969e-01
-1.862143405285616726e-01,-4.747428197295795460e-01
1.462008468977841202e-01,-2.952503934635121174e-01
4.544166376739788848e-02,-6.376905338625328268e-01
1.628285990880551370e-02,-2.805688651093077857e-01
4.886410136699836926e-02,1.855946606155711720e-02
9.057028425042368269e-02,-8.699857026143820171e-02
3.369297179412589216e-03,-2.975953314600741084e-01
5.075495066276092260e-02,-5.566023424402262165e-01
7.231457663052198725e-02,-4.192722463382925202e-01
1.219056544089790473e-01,-5.950597891035486198e-01
7.709951338105980323e-02,-5.126008143202686052e-01
8.725753080440212806e-03,-5.201167093784168083e-01
-7.011588717231231893e-02,-4.288532459816938314e-01
6.368670838947609880e-02,-2.707482048658627072e-02
1.437178193820187744e-02,-3.963838390302242831e-01
8.673519154745079618e-02,-3.190815311878125171e-01
-1.561249791426543854e-01,-4.544968017862522913e-01
-2.967119493838549782e-01,-1.207972649324219327e-01
3.520915855192896515e-02,-3.313312167825742671e-01
-1.542923463004741702e-02,-6.017355243618239813e-01
4.299062220418359281e-02,-2.802449933339405952e-01
1.452050822689521237e-02,5.152138881458301345e-02
1.674867891733788916e-02,-3.947561996142014418e-01
1.278556498800021979e-01,1.433959610325307166e-01
-1.053351660990275995e-01,-6.301014205515715894e-01
1.131059132137904877e-01,-3.721779582013437504e-01
-1.618064808145059930e-01,-5.334055979024568961e-01
-1.286910903390574568e-01,-4.975963897546204495e-01
5.361395389132039835e-02,-1.056742109379897876e-01
7.297208679536559828e-02,-4.694410288638521944e-01
7.208960810455022905e-02,-6.436185428354275206e-01
1.062476191089015698e-01,-6.307323397359229089e-01
1.304948395673042327e-01,-2.920217908020288911e-01
-1.858102314236191877e-01,-4.856298143312841042e-01
1.033384820860288045e-01,-5.021622560861066509e-01
3.846739429469669957e-02,-2.910520579737828073e-01
9.432899780286929659e-02,-3.165089989307093288e-01
-2.685935360334468225e-01,-9.500245223347458801e-02
3.552554274295649517e-02,-3.099096343020824040e-02
1.150293794416904491e-01,-2.987566621974812042e-01
7.487465608371923764e-02,-6.112716331875326370e-01
1.410450830544297540e-01,-3.024370845479202874e-01
1.447025597122930662e-02,-4.081197943859857236e-01
4.662191980133034708e-02,-4.113913964874662543e-01
1.675946917055304297e-03,-2.734285963276005260e-01
-1.584260321998284815e-01,-5.631072355773656390e-01
1.177039170952177694e-01,1.325810524104875654e-01
3.466881952214762030e-02,-3.861128870438038652e-01
2.539347167628269730e-03,-5.229782694102839136e-01
5.897329224899772182e-02,-6.374384691005583470e-01
7.191458576767395527e-04,-3.490682023230368136e-01
1.053933059091842761e-01,1.012240530617705137e-01
2.203259820170022643e-02,-5.143101023341242195e-01
2.611148086776382549e-02,-6.385222280130571360e-01
-1.631555232002185329e-01,-5.219054960527254039e-01
2.220614168082819528e-01,-1.672058183074767168e-01
-9.995456557507576001e-02,-4.733291145024844937e-01
-1.805132504408341609e-01,-5.543547066316821814e-01
8.677512389484554056e-02,-1.355706473075690699e-02
-2.688363879865386386e-01,-1.069774172747192109e-01
3.932039525629271726e-02,-4.674455129927917452e-01
4.422132602002271096e-02,-5.159796236505084233e-01
-1.337559273691938388e-01,-4.919027339633226248e-01
4.963697371301023509e-02,-5.885966646544814607e-01
3.787581723744659623e-02,-3.161557654992805388e-01
9.303713903283272746e-02,-7.798232830380824598e-02
4.273098888611626123e-02,8.958540117352120635e-02
2.753296129212778887e-02,7.492927987551301072e-03
-1.836303973361079755e-01,-5.015328084507078010e-01
6.037553724138833289e-02,-4.139958555545768526e-01
-1.190530193863443831e-01,-4.997179955871772217e-01
7.568291680379568565e-02,-1.949397380242201550e-02
6.713816182184628722e-02,-4.274170713925895537e-02
-1.270856271674486448e-01,-5.187660855138233051e-01
-3.380857054495323144e-02,-6.398375638920187347e-01
-4.525636390772613815e-02,-5.822756248828321324e-01
-1.681299602123670356e-01,-4.719217525242289102e-01
4.511778889872841702e-02,-2.860628736423858065e-01
8.226561745815785809e-02,-9.402647189121737803e-02
-1.233219442118227427e-02,-3.196285838311962446e-01
-2.761416957011697537e-02,-3.392938048384245286e-01
-1.400459924403804068e-01,-5.817533620972281660e-01
-2.453273918465537218e-02,3.418163949458392636e-01
1.139337517112231080e-01,-3.759822926026882839e-01
1.207489061546932474e-01,-3.312137960727274399e-01
-2.561796873694900945e-01,-8.036491859010919114e-02
-2.896524113510268172e-03,-5.833905604405993373e-01
1.258862824089823640e-03,-3.760896821026208370e-01
-2.577130067662870005e-01,-1.084763841642997217e-01
6.373675034374826076e-02,7.111989524558126607e-02
-1.653523626718939599e-01,-4.911740129161619173e-01
2.982886401844619950e-02,-5.219187342258455597e-01
-1.010470800739229347e-01,-5.254284491613129271e-01
1.157573672643379403e-01,-5.816931935867365455e-01
-1.896563234054238767e-01,-5.577371171608515033e-01
1.042945879578537349e-01,-5.551789516253229362e-01
-4.278112118741079772e-01,-2.911288490266183415e-01
2.962633761303112845e-02,-2.856646343660646514e-01
-2.944688856480492944e-02,-5.299385589359462134e-01
5.078833388942682880e-02,-3.768512364451204188e-02
8.533777970120537404e-02,9.521001431560305317e-02
-8.860336296108806131e-02,-5.917604205303993448e-01
1.412059248051046323e-01,-3.386153255944116536e-01
2.320532169603684025e-02,-5.094303762744456510e-01
-9.373848394945494267e-02,-4.849954681634714992e-01
-2.066007624514272223e-01,-4.797731385197065990e-01
7.784320404855893383e-02,-4.855144519588531216e-01
7.132230337978329171e-02,-3.943340945498369221e-01
3.530469379815137643e-02,-4.085378478534296143e-03
-1.251513968232581542e-01,-4.982666805005250832e-01
-1.793473921862706599e-01,-4.721821177590488916e-01
6.429045244642250800e-02,-5.126492441353683871e-01
6.668614406983519594e-03,-3.117540174727889135e-01
-6.974873467035946906e-02,-5.344545876252428940e-01
-1.867538280469923651e-01,-4.642079015701022771e-01
5.379815282188904479e-02,-5.095735227453402905e-01
2.503623922171954730e-01,-2.012394081474693230e-01
-4.525115749187236247e-03,-2.339634177782268232e-01
-9.544815373515336265e-02,-5.443758378935728004e-01
1.011671869129149304e-02,-5.881923396857015041e-01
1.284703004057138331e-01,1.441755825711075190e-01
9.224860565574699578e-02,-2.482185267443989263e-01
-6.656854070354900621e-02,-5.949979424131558448e-01
-6.678867632403218124e-03,-3.282218809577793217e-01
1.147617238366851478e-01,-5.008857599685115902e-01
-2.965626954604771992e-02,-4.589364162992140006e-01
-3.960102689356976291e-01,-3.298386327211237923e-01
-9.169645372638324243e-02,-4.924206990968938991e-01
9.958394751164278969e-02,1.183480671308136944e-01
-1.330198301441388731e-01,-6.100906840549041865e-01
-3.412904345864042899e-02,-5.795697657449235818e-01
-1.224876623247395102e-01,-4.484464123157170246e-01
5.555357488161194457e-02,1.009082735875138637e-01
8.783558706433325369e-03,-2.423326217836274665e-01
3.790362481725673138e-02,3.554002701603475867e-02
4.183438222848268051e-02,-5.548595005745645681e-01
-1.774194513586117572e-01,-5.282223021104848204e-01
-6.167953666808767554e-02,-6.058043518101761116e-01
-2.268861333140748116e-02,-6.276499652854001798e-01
-1.726476054980156660e-01,-5.177488070917140028e-01
-4.604161706759490880e-02,-5.893638001821150940e-01
1.441404901868467148e-01,-3.680755710283477034e-01
-1.499525663257967878e-01,-4.676852264825961392e-01
2.049009231185947577e-01,-1.634004560998705835e-01
2.409816128217501241e-02,-6.329324085740059003e-01
-1.795824241762322693e-02,-3.634653991990114963e-01
-1.441117901771440390e-01,-5.045423288307482323e-01
4.807508962682782716e-02,-2.812396381692862102e-01
1.112954038645258548e-01,3.715944137191362628e-02
9.547402138718430464e-02,9.638184854068410079e-02
1.203128578085788103e-01,8.975604011485582845e-02
8.579283497302425676e-02,-6.097387092387402951e-01
-1.369454239061218548e-01,-4.594486226062807210e-01
2.111114729670465762e-01,-1.674513434770407705e-01
-5.658198074830766977e-02,-4.797741250003420554e-01
8.887588550094405182e-02,-1.072058915868646656e-01
9.717070943086492107e-02,-5.068164594522387434e-01
4.280650233645066915e-02,-4.819319258032783715e-01
-7.229568437507127854e-02,-5.300397738947028037e-01
-5.020499906851894067e-02,-5.353784840680938517e-01
-2.265159284009587992e-02,1.261765681230861968e-01
5.253538417866865373e-02,-3.972948524460633291e-01
6.085635825386970232e-02,-2.885923464930160165e-01
6.177326002697303142e-02,9.901025910293026477e-02
2.374832595183185013e-02,-2.669480728754550780e-01
-1.532310282325610729e-02,-6.199071818897312625e-01
8.750499582815973731e-02,-7.858274486497507372e-02
-2.442658674951259101e-02,-6.182317931473295669e-01
8.044301798948250148e-02,-3.230847798534571824e-01
5.422396179318600407e-02,-5.674301560473206107e-01
-1.372308935527527529e-01,-5.733570207961293796e-01
1.532995120795210831e-02,-2.928416017621361944e-01
-3.099325842442435253e-03,-6.060287027835290496e-01
2.803370795929149839e-02,-4.504626541297351849e-03
1.107840327555207338e-01,1.269891075391821333e-01
1.533332295352737296e-01,-3.133219043426173078e-01
-2.319167707389602207e-03,3.183929974626742432e-02
1.139288117095353936e-01,-3.404358181799160832e-01
-1.797285528657647791e-01,-5.706552783215560476e-01
-1.692777941474061243e-01,-4.748823205136448178e-01
6.859788376463393789e-02,-3.275308801911064327e-01
7.289139004163336377e-02,-5.621381256324653464e-02
2.273028869564963639e-02,-3.030364640978469581e-01
-1.047041517231196428e-01,-6.326324686255460072e-01
9.946405029855298618e-02,8.148200732196098084e-02
1.095206552561535096e-01,1.077900021856206259e-01
8.460889426174333927e-02,-3.429848930376808158e-01
6.623267842440094810e-02,-7.568918359423859599e-03
6.088317390768105408e-02,-4.654164474613259328e-01
2.809767893149783813e-02,-2.354995091429700760e-01
9.421945043635560069e-02,-3.415006347026841027e-01
1.151973817608801243e-01,-9.506595467953704581e-02
-4.315869215806753534e-01,-2.867061680840110593e-01
1.090191079925580953e-01,-2.535500214025134258e-01
-1.032949289856528452e-01,-4.704840373394740816e-01
1.249767063412098311e-01,1.127019592074757215e-01
2.903815860929082060e-02,-6.158398150089838818e-01
6.798265194911345954e-02,-3.860994543087805653e-01
-1.964145031393438323e-02,1.084738031163390293e-01
4.221886086968873464e-02,-3.248509072381169371e-01
-1.680066954119674438e-02,1.034754313732797470e-01
1.037162578449409844e-01,-4.937759084928609599e-01
1.357924432585099206e-01,1.191088295590413404e-01
5.943746643967984244e-02,-2.226002024063677975e-02
7.116974070051884649e-02,-3.834542290882940185e-01
2.266688512659397192e-01,-1.668503656581993289e-01
6.337667106160560504e-02,9.243451197506358241e-02
9.337053640407388944e-02,-6.368135132600609705e-01
1.037797137615285026e-01,-5.057894040733653673e-01
-1.151541615698873366e-01,-4.669361302227117427e-01
-1.614704616121749314e-01,-5.168143796893702735e-01
-2.402596096577924722e-02,-3.182544823280151203e-01
8.614039008148222099e-02,-3.192438830765447766e-01
-5.802880812809529942e-02,-5.131147484028621975e-01
-3.927810899186797156e-01,-3.014920737355603619e-01
-5.348575281205858456e-02,-5.764612124719910025e-01
3.956948555010220137e-02,-5.214629081185151449e-01
-1.601749947091279935e-02,-3.375756939730841788e-01
1.093598966235970193e-01,-3.957599116428056618e-01
-1.479207733629183119e-01,-5.721963076960854266e-01
2.758789188361776556e-02,-2.824329597647534662e-02
6.289352349001986475e-02,-1.126239151190141508e-01
4.803881665102383014e-02,2.455525634900779242e-02
-1.128143974300461760e-01,-5.788833705748335223e-01
-1.532232577933821394e-01,-4.775778658426819145e-01
9.444911791034460435e-05,1.261118206242310968e-01
1.155808119320067551e-02,-6.054424843139261103e-01
2.332621446755893668e-01,-2.014588248013302052e-01
1.197514717286826125e-01,-5.379724492688892079e-01
-9.316731548213774694e-02,-4.692936239213348903e-01
-2.952370739516396725e-02,-5.019737928814824723e-01
1.169066465339341221e-02,-5.994231136594138087e-01
9.880769689552260093e-02,-2.566623531536534331e-01
-4.713964729473274495e-03,-6.299941135164974781e-01
7.369495670480386007e-02,-3.543006803846291963e-01
7.485843455700003091e-02,-4.982252894700190393e-01
-8.741319504151801034e-03,4.599896363559441426e-02
6.224229585594409642e-02,-4.669662899578970183e-01
-1.616047195554442539e-01,-6.422433789253112479e-01
-1.604271846399396573e-02,7.476719216786720246e-02
7.780642186364006285e-02,6.775602002558289705e-02
-7.937230375620174527e-02,-5.323692891803241123e-01
-2.136748166537671967e-02,-2.865524114323335092e-01
1.122404416298550256e-02,-3.575620715908939817e-01
8.347204357567306054e-03,-2.700790319498895808e-01
-6.858105233232103526e-02,-5.287847039646058622e-01
-4.015936478901553364e-01,-3.244933533042780316e-01
1.575487262378250097e-02,5.734541531498982270e-02
-1.937323858398617427e-01,-5.814260267834046036e-01
1.059321179978778282e-01,1.343675521926521732e-01
1.489990525310430636e-01,-3.251364950506986373e-01
-1.280296212687002111e-01,-5.831528814365876112e-01
-6.524849474369043278e-03,6.526968874738248161e-02
1.995655151557971241e-01,-1.603591924923339351e-01
8.724190208494297938e-02,-6.788455950910621262e-02
-7.248909039819995126e-02,-4.924476718197762226e-01
2.939424468432028092e-02,-5.279121029412268129e-01
6.479976839132428612e-02,-3.298059806612398948e-01
-9.106869568641862145e-02,-5.927535711102879246e-01
1.292091150279066625e-01,-4.612106943852617436e-01
-1.857949287841331731e-02,-3.644827146754507918e-01
7.075447838991411054e-02,-4.240378890469692630e-01
-1.743448138534562375e-01,-4.714980865728471970e-01
-3.738589595245733754e-02,-5.029838285049310631e-01
4.438370197426211305e-02,-6.170207933416549384e-01
-5.059653710709477448e-02,-5.334989300712463800e-01
-3.968865286304882889e-01,-3.242508504849500039e-01
-1.005791439561058986e-01,-6.232214926421533185e-01
-3.327492544078414216e-02,-4.901081506541087318e-01
-1.327707782105155276e-01,-4.927701604768734978e-01
4.655285278686627226e-02,-5.834032251020353499e-01
-1.655956477859699127e-01,-6.127842212663482391e-01
1.670345789297311700e-02,-5.120024832146737870e-01
8.970174826917631794e-02,-4.621193678431809726e-01
1.098477956403220990e-01,-6.161959752460105522e-01
-2.174320691081599310e-02,1.160995789095116137e-01
-2.540004419110819534e-02,8.379293150722111339e-02
8.301829809345284694e-02,-6.282646124938326970e-01
9.313977236799064752e-02,-6.204936397373440604e-01
1.141719459002180637e-01,-3.548097046830340773e-01
-4.506271426416630366e-02,-6.263402113121152581e-01
4.016515081430127587e-02,-3.804741333141003490e-01
1.718862575148527583e-04,-3.761306906760481517e-01
-7.813577804139526517e-02,-6.226625426590854939e-01
-7.170784070836488944e-02,-4.263625494747596001e-01
-2.300781769198401161e-02,-6.254928709639120399e-01
-4.098212294196243444e-01,-3.055950573250579838e-01
6.293240854453652222e-02,-3.632928580258110163e-02
3.019294980409759077e-02,-5.792471051581226105e-01
-1.004873432243490461e-01,-5.233040720868156193e-01
-1.915084889924535405e-01,-5.460402262121327732e-01
8.395522180409475954e-02,-5.348892643928747637e-01
-1.350811434251689702e-01,-5.883043546379594924e-01
3.848090565693784715e-02,-3.844263605121454597e-01
1.384204567301406952e-01,-2.948287669467103411e-01
2.027292752695064593e-02,-2.928209623941370188e-01
-2.230499341471836594e-02,1.111363364567025114e-01
1.132869649760269715e-01,1.334015648637358886e-01
-1.022047447567764333e-02,1.004418205616867121e-01
1.020094499492644191e-01,5.437463800588482332e-02
2.185253479071099791e-01,-1.954787234486084491e-01
5.141083982603744662e-02,-6.123383237958631709e-01
2.436014166168634087e-01,-1.797018334878491830e-01
3.043404229644508519e-02,-3.167640779818455266e-01
3.117154983548431346e-02,-5.047417880201207074e-01
-1.772619837027994971e-01,-5.703020154506384110e-01
-1.298448990545842952e-01,-6.292126483199228515e-01
1.411954457223234538e-01,-3.233879486392638447e-01
-1.323154894844082996e-01,-6.046480353877951019e-01
-2.787253800463873610e-02,3.311220250053920067e-01
-1.794803208710426534e-01,-5.936994171309754043e-01
-5.059623545708091807e-02,-4.638391631816657368e-01
6.583946231528270410e-02,-6.363761896443844712e-01
8.690286359596710586e-02,-6.107464454191258163e-01
5.423947006554374894e-02,-4.946984053199761644e-01
-2.020994373220352802e-02,5.882505150876704558e-02
1.832537138178624847e-02,1.600815577822156666e-02
8.017120671340860483e-02,1.104717059749261709e-01
-1.910259581108436078e-01,-5.187353152697614656e-01
-1.021227908160294851e-01,-5.317358885593614914e-01
-1.037236877296958681e-01,-6.249371079786080196e-01
1.106850029317706374e-01,-5.729770373713248821e-01
4.738219050512870734e-02,-8.955435447712578600e-02
5.212087305034285301e-02,-4.623351010803244954e-03
8.092192359099659171e-02,-5.840203884824927139e-01
2.919803025032852162e-02,-5.499716140209340853e-01
-1.663849381898340196e-01,-5.712421344376249488e-01
1.106409162732051588e-01,-3.029264302299755629e-01
-9.918763933141427902e-02,-5.101451879859305594e-01
-4.204432153881997869e-01,-2.994982837540629550e-01
1.849946425573789632e-02,9.830562068562653799e-02
-7.075067484168950926e-02,-5.914516483070946240e-01
1.103559315608272362e-01,1.260305494225966161e-01
-1.109454760524463124e-01,-4.630510874371348007e-01
-1.790894838747352225e-01,-5.251190491957626882e-01
5.202238744310905272e-02,-2.739777103817903625e-01
4.355492336180755153e-02,1.227110816996029863e-01
-4.187791832856879726e-02,-5.116570688615871276e-01
-9.161976099954283193e-03,-6.268057476854611565e-01
4.275734780504503174e-02,-6.405160460558326774e-01
-4.612318884329968949e-02,-4.839544810647652406e-01
-1.020553300698243682e-01,-5.379366551846664901e-01
1.986729055516445186e-04,7.382701355450682623e-02
-3.275051773990456105e-02,-3.021962934163250902e-01
6.285008462056329570e-02,-5.118724370292617731e-01
-1.358040510516251853e-01,-6.167574599560736726e-01
5.707400479009416827e-02,-3.601286720758396509e-01
-6.089636001887721584e-02,-4.487091581782481908e-01
-6.455201837696800116e-02,-4.740915682888335869e-01
7.017952966205287524e-02,-6.257056285366990878e-04
3.118082542007272195e-02,-3.950709814122989605e-01
2.256832743666470353e-02,1.139010318061328686e-01
7.625509976817934632e-02,-7.891675165986244966e-02
7.522582290310830810e-02,5.110377089885353996e-02
1.004194485926979130e-01,9.133077205610740101e-02
8.871210338058266309e-03,-3.132106331107359920e-01
-1.093427749257678272e-01,-5.243693530815414228e-01
-5.202836115009368267e-02,-4.404991493948061665e-01
-6.284579816770496929e-02,-4.880347572698460201e-01
